label,text
ham,"Hej YARA, vi √§r intresserade av att samarbeta!"
ham,"Thank you for your interest, Bryson. 
Looking forward to connecting, Bryson. 
Impressed with your skills, Bryson. 
Excited to discuss further, Bryson. 
Stay tuned for next steps, Bryson."
ham,"Tack, Sarah! Vi √§r intresserade av att diskutera m√∂jligheter."
ham,"Tack f√∂r ditt intresse, Lauren!"
ham,"Tack f√∂r ditt intresse, Claire!"
ham,Hi Josephine! Hope all is well. We're impressed with your background and would love to chat about a potential opportunity at Launch Darkly. Are you available for a quick call?
ham,"Hi Landon, just a friendly reminder about our upcoming meeting. Looking forward to connecting with you soon! Best, Carta"
ham,"Hey Johan, we're impressed by your profile! Can we connect to discuss potential opportunities at Nerd Wallet? Thanks!"
ham,"We're impressed with your skills, Lorenzo. Let's talk more about your potential role with us!"
ham,"Tack f√∂r ditt intresse, Fatou!"
ham,"Hi Andy, we're interested in discussing a potential collaboration. Could you let us know your availability for a call? Best, Zero Financial"
ham,"Hej Hayden, vi √§r intresserade av att prata med dig ang√•ende en m√∂jlig anst√§llning p√• Clover Health. Kan vi boka in en tid f√∂r ett telefonsamtal? Tack!"
ham,Greetings Philip! Interested in joining our team?
ham,"Hej Yehudis, vi p√• Opendoor √§r intresserade av att prata med dig. Kan du kontakta oss ang√•ende en potentiell anst√§llning? Tack!"
ham,"Thanks for applying, Sylvia! We're interested in chatting further. Can you share your availability?"
ham,"Thank you for applying, Joseph! We're thrilled to have received your application. Please expect further communication from us soon."
ham,"Hello Mia, we are interested in discussing potential employment opportunities with you at AppNexus."
ham,"Hej Annie, Groove Labs √§r intresserade av att samarbeta med dig!"
ham,"Hello Riley, thank you for reaching out. We would like to discuss potential employment opportunities with you. Could you please provide us with your contact information and availability for a phone call?"
ham,"Thank you for your application, Isaac."
ham,"Hej Alexander, vi √§r imponerade av ditt arbete och skulle vilja diskutera en m√∂jlig anst√§llning p√• Bloc. Kan vi ta en snabb prat?"
ham,"Hej Jazmin, vi √§r imponerade av din meritlista. Skulle du vara intresserad av att arbeta f√∂r Hornblower Cruises?"
ham,"Thank you for your interest, Aubree."
ham,"Hello Shneur, could we chat about a job opportunity?"
ham,"Hi Dylan, 

Just a friendly reminder about the upcoming meeting. See you soon! 

Best, 
Shipt"
ham,"Hej Junior, tack f√∂r ditt intresse f√∂r Runway Incubator. Vi skulle vilja veta mer om din arbetslivserfarenhet och vad du skulle kunna bidra med i v√•rt team. Kan du dela med dig av dina tidigare projekt eller arbetsplatser?"
ham,"Hej Joel, tack f√∂r att du visade intresse f√∂r v√•r kontaktform. Vi ville bara s√§ga att vi ser fram emot att kontakta dig snart f√∂r en uppf√∂ljning."
ham,Thank you for applying. We will review your application.
ham,"""Hello Naomi, we have exciting news for you!"""
ham,"Hello Heaven, we are interested in potentially working with you. Would you be open to discussing further?"
ham,"Hej Michelle, 

Vi √§r imponerade av din erfarenhet och tror att du skulle vara en bra passform f√∂r v√•rt team. 

V√§nligen svara med ditt CV och f√∂rv√§ntad l√∂n. 

Tack! 

Sibly"
ham,Hi Tiffany! Just wanted to touch base and see if you're still interested in the position at Heap. Let us know!
ham,"Tack f√∂r ditt intresse, Nicholas."
ham,Hej Frieda! Vi p√• AltSchool har h√∂rt mycket positivt om dig och skulle vilja diskutera en m√∂jlig anst√§llning med dig. Kan du v√§nligen kontakta oss s√• snart som m√∂jligt? Tack!
ham,"Tack f√∂r ditt intresse, Manuel! Vi kommer snart att kontakta dig med ett formellt f√∂rslag."
ham,"Hello Iris, we're reaching out from Broadcom regarding your recent application. Could you let us know your availability for a quick phone call?"
ham,"Tack f√∂r att du visar intresse, Layla! Vi vill g√§rna diskutera m√∂jligheten till anst√§llning."
ham,"Tack f√∂r ditt intresse, Desmond!"
ham,Hej JEAN! Vi √§r glada att du √§r intresserad av att ansluta dig till SoloLearn-teamet. Vi ser fram emot att l√§ra k√§nna dig b√§ttre och diskutera m√∂jliga karri√§rm√∂jligheter. Vi kommer att kontakta dig snart f√∂r att prata mer. Ha en fantastisk dag!
ham,"Hej Christina, vi vill g√§rna f√∂rtydliga n√•gra detaljer fr√•n Qualys."
ham,"Tack f√∂r ditt intresse, Martin. V√§nligen fyll i formul√§ret nedan."
ham,"Thank you for your interest, Jannat. We'll be in touch soon.
"
ham,"Hej Benjamin, vi p√• Thoughtworks hoppas att du m√•r bra och ser fram emot att h√∂ra fr√•n dig snart."
ham,Hej Perl! Jag √§r intresserad av att kontakta dig ang√•ende en potentiell anst√§llning.
ham,"Hej Carina, √§r du ledig imorgon f√∂r att tr√§ffas?"
ham,"Hej Kylie, 
Vi √§r intresserade av att prata med dig ang√•ende en m√∂jlig anst√§lld roll p√• unitQ. Kan du v√§nligen kontakta oss f√∂r att diskutera n√§sta steg? 
Tack. 
Med v√§nliga h√§lsningar, 
[unitQ]"
ham,Hej Aisha! Jag s√•g ditt fantastiska arbete p√• Upwork och jag skulle g√§rna vilja diskutera en potentiell anst√§llning med dig. Kan du kontakta mig s√• kan vi prata mer? Tack! - Sara
ham,"Hej Elaine, jag √§r imponerad av ditt CV och skulle vilja prata mer om en potentiell roll hos oss."
ham,"Hej Ashley, tack f√∂r ditt intresse f√∂r Divvy Homes! Vi skulle g√§rna vilja veta mer om din erfarenhet och hur du tror att du kan bidra till v√•rt team. Kan du dela med dig av din CV och eventuella referenser?"
ham,"""Hi Mariam, we'd love to connect with you to discuss exciting opportunities at Alpha Sense. Could you please share your availability for a quick call this week? Thanks!"""
ham,Tack f√∂r ditt intresse!
ham,"Good morning Marcus, we're impressed with your qualifications. Can you please share your availability for an interview?"
ham,"Thank you for your interest in Beezwax Datatools, ARMANI. We will be in touch soon!"
ham,"Tack f√∂r att du visar intresse, Cameron!"
ham,"Hej Sean! Bara en snabb p√•minnelse om v√•rt kommande m√∂te imorgon. Ser fram emot att prata med dig. Ha en bra dag! Mvh, Bolt."
ham,Hi Mariana! We came across your impressive resume and would love to connect.
ham,"Impressed with your skills, Ronan. Keep up the good work!"
ham,"Hej Parker, vi √§r Criteo och vi skulle vilja erbjuda dig en anst√§llning!"
ham,"""Tack f√∂r ditt intresse, Kenneth! Vi vill g√§rna tr√§ffa dig f√∂r att diskutera m√∂jligheter."""
ham,"Thank you for your application, Elvis."
ham,"Tack f√∂r ditt intresse, Levi. Vi skulle vilja l√§ra k√§nna dig b√§ttre. "
ham,"Hej Daniela, jag hoppas allt √§r bra med dig! Jag ville bara p√•minna dig om att vi fortfarande v√§ntar p√• din svar ang√•ende jobbans√∂kan. Ser fram emot att h√∂ra fr√•n dig snart. Tack!"
ham,"Thank you for your application, Cameron. We are impressed with your qualifications."
ham,"Hej Leila, jag √§r intresserad av att diskutera en arbetssamarbete. Kan vi s√§tta upp en tid f√∂r ett m√∂te? Tack!"
ham,"Thank you for your interest in EMC Data Domain, Adonis. Let's connect further to discuss potential opportunities."
ham,"Tack f√∂r ditt intresse, Robert!"
ham,"Thank you for your interest in our company, Samantha. When are you available for an interview?"
ham,Hello Zaire! Just wanted to reach out and say we're impressed with your experience. Let's chat more about joining our team at Datrium!
ham,Hej Yael! Vi skulle vilja prata med dig ang√•ende en m√∂jlig arbetsm√∂jlighet. Kan du v√§nligen kontakta oss? Tack!
ham,"Tack f√∂r ditt intresse, Alex! 
-------------
Vi rekryterar f√∂r en sp√§nnande position.
-------------"
ham,"Hey Cora, we love your expertise! Join us at Court Buddy and let's rock the legal world together. Can't wait to discuss details."
ham,"Hey Thiago, just wanted to touch base and see if you're still interested in the position. Let us know!"
ham,"Hi Malak, I've come across your impressive portfolio and would love to discuss potential job opportunities together. Can you please share your availability for a phone call this week? Looking forward to connecting with you. "
ham,Hi Abdullah! We're thrilled to reach out and discuss an exciting opportunity with you. Can we schedule a time to chat further?
ham,"""Hej Gemma, vi √§r intresserade av att prata om en m√∂jlig position hos oss. Kan vi f√• ditt telefonnummer f√∂r att forts√§tta diskussionen?"""
ham,"Hi Evan, we'd love to chat about a potential opportunity to join our team. Can you share your availability for a quick call this week? Thanks!"
ham,"Hej Melina, vi √§r intresserade av att diskutera en m√∂jlig anst√§llning. V√§nligen kontakta oss s√• att vi kan prata vidare!"
ham,"Hej Lara, vi har ett jobberbjudande f√∂r dig!"
ham,"Hej Roy, hoppas allt √§r bra med dig! Skedulo skulle bara vilja p√•minna dig om den jobbans√∂kan du skickade in till oss. Vi ser fram emot att l√§sa igenom den och √•terkomma till dig inom kort. Ha en trevlig dag!"
ham,"Hej Moussa, vi √§r imponerade av din talang och skulle vilja erbjuda dig anst√§llning p√• MasterClass. V√§nligen kontakta oss f√∂r att diskutera detaljerna. Tack!"
ham,"Thank you for reaching out, Moishe. We appreciate your interest in Adobe. Could you kindly provide some additional information about your qualifications and why you're interested in joining our team?"
ham,"Thanks for your interest, JOHNATHAN! We'd love to learn more about you. Can you share your resume?"
ham,Hej Isabella!
ham,"Hej Arely, 
Vi p√• LiveRamp undrar om du √§r intresserad av att prata om en sp√§nnande karri√§rm√∂jlighet med oss. 
V√§nligen bekr√§fta om denna tid skulle passa f√∂r ett samtal. 
Tack p√• f√∂rhand, 
[Employer's Name]"
ham,"Hej Kendrick, vi √§r imponerade av ditt CV."
ham,"Tack f√∂r ditt intresse, Oscar. Jag ser fram emot att tr√§ffa dig!"
ham,"Dear Tristan, 
Just a friendly reminder that the deadline for the employment application at Avast is quickly approaching. We appreciate your interest and look forward to reviewing your qualifications. Thank you for your time and consideration. 
Best regards, 
Avast HR Team"
ham,"Dear Rihanna, we are interested in discussing a potential employment opportunity with you."
ham,"Hej Gabriel, tack f√∂r att du visar intresse f√∂r att arbeta p√• Dharma Labs. Vi ser fram emot att l√§ra k√§nna dig b√§ttre och diskutera dina arbetsm√∂jligheter med oss."
ham,"Tack f√∂r ditt intresse, Mendy. Vi kommer att kontakta dig inom kort."
ham,Hey Elliott! We heard you're out of this world and thought you might be a perfect fit for our galaxy. Care to join the Lucasfilm crew?
ham,Hej Madeline!
ham,"Thank you for your interest, Jeremiah."
ham,"Tack f√∂r ditt intresse, Elias!"
ham,"Hej Vicky, tack f√∂r att du deltog i v√•r intervju p√• interviewing.io. Kan vi f√• dina kontaktuppgifter i form av telefonnummer och e-postadress?"
ham,"""Hej Louis! Jag hoppas att du m√•r bra och att den h√§r dagen behandlar dig v√§l. Jag ville bara s√§ga hej och uttrycka mitt intresse f√∂r ditt arbete. Vi skulle g√§rna vilja l√§ra k√§nna dig b√§ttre och prata mer om m√∂jligheterna att jobba tillsammans p√• Tetra. H√∂r g√§rna av dig n√§r du har m√∂jlighet. Ha en fantastisk dag!"""
ham,"Hello Jeremiah, 

Just a friendly reminder to follow up on our previous conversation. 

Best, 

Everlaw."
ham,"Tack f√∂r ditt intresse, Melody!"
ham,"Thank you for reaching out, Jax! We received your contact form and will be in touch soon."
ham,"Hej Emiliano, vi √§r intresserade av att prata med dig."
ham,"Hej Stephen, vi √§r imponerade av ditt CV och skulle vilja boka in en telefonsamtal f√∂r att diskutera m√∂jligheten att arbeta tillsammans. Kan du ge oss ditt b√§sta telefonnummer och l√§mplig tidpunkt f√∂r samtalet? Tack! - ValiMail"
ham,"Hello Gianluca, thank you for your application."
ham,"Tack f√∂r ditt intresse, Cayden! Vi ska kontakta dig inom kort."
ham,"Hej Jaylin, vi h√∂rde talas om din imponerande portfolio och skulle vilja ha mer information om din tillg√§nglighet och intresse f√∂r att arbeta med oss p√• Employbl."
ham,Hej Margot! Vill bara s√§ga hej och se om du √§r √∂ppen f√∂r nya karri√§rm√∂jligheter.
ham,Hej Jerry! Vi √§r imponerade av ditt CV. Kan vi f√• prata mer?
ham,"Hej Romy, vi √§r imponerade av ditt CV och skulle vilja diskutera m√∂jligheter med dig. Kan vi h√∂ra mer om din tillg√§nglighet? Tack! - Teamet p√• Memebox"
ham,"Hi Jace, we are impressed with your coding skills! Can we connect to discuss potential opportunities at SoloLearn?"
ham,"Hej Arthur, tack f√∂r ditt intresse! V√•rt team √§r imponerat av din kompetens. Vi skulle g√§rna vilja l√§ra k√§nna dig b√§ttre."
ham,"Tack f√∂r din ans√∂kan, Jonathan! Vi ser fram emot att h√∂ra mer fr√•n dig."
ham,"Thank you for your interest, Jessica. We'll be in touch soon."
ham,"Hej Aria, jag √§r intresserad av att veta mer om din arbetslivserfarenhet. Kan du dela med dig av din CV?"
ham,"Hi Phoenix, we reviewed your impressive portfolio and would like to discuss a potential job opportunity at Aura Frames. Could you provide your availability for a phone interview this week? Thank you."
ham,"Hej Carter, vi √§r imponerade av ditt CV och skulle vilja diskutera en m√∂jlig anst√§llning. Kan du skicka √∂ver dina kontaktuppgifter? Tack!"
ham,"""Hey Savannah, Allbirds wants you on our team! Join us for a chat?"""
ham,"Dear Hadassah, 

Thank you for your recent application. We are reviewing it and will be in touch soon. 

Best regards, 
21Tech"
ham,"Hej Genesis, vi √§r intresserade av dig som potentiell anst√§lld. Kan du sn√§lla skicka √∂ver ditt CV? Tack!"
ham,"Hi Zachary, we're thrilled to connect with you! Could you kindly share your availability for a quick call this week? Thanks!"
ham,"Hi Brielle, we received your application and are impressed with your qualifications. We'd love to chat further about the position. Can you please provide your availability for a phone interview? Thanks!"
ham,"Hi Amy, I found your profile and I'm impressed! Are you currently seeking new opportunities? - Clearbit"
ham,"Thank you for your interest, Mackenzie. We appreciate your application."
ham,Thank you for your interest in our company.
ham,"Tack f√∂r ditt intresse, Ava."
ham,"Hello Daniella, we are interested in exploring possible employment opportunities with you."
ham,"Tack f√∂r ditt intresse, Nechama!"
ham,"Hello Tzipora, we would like to connect with you regarding a potential opportunity. Could you please provide your contact information?"
ham,"Hello Cody, let's connect regarding a potential opportunity at our company. Can you please share your resume and availability? Thank you!"
ham,"Hello Amir, thank you for your interest in joining Mosaic. We are impressed with your qualifications and would like to discuss your application further. Please provide us with your availability for a phone interview at your earliest convenience."
ham,"Tack f√∂r ditt intresse, IAN."
ham,"Tack f√∂r ditt intresse, Ahuva. Vi √§r imponerade av din kompetens och ser fram emot att l√§ra k√§nna dig b√§ttre."
ham,"Tack f√∂r ditt intresse, Faiga!"
ham,"Dear Anna, we are interested in your qualifications and would like to schedule an interview."
ham,"""Looking forward to connecting soon, Benzion!"""
ham,"Tack f√∂r att du skickade in din ans√∂kan, Nathan! Vi √§r imponerade av dina erfarenheter och skulle vilja diskutera vidare. Kan du v√§nligen ge oss ditt telefonnummer s√• vi kan ringa dig?"
ham,"Hi Salome, we love your work and would like to connect!"
ham,"Hej Alisa, skulle du vara intresserad av att h√∂ra mer om en m√∂jlig uppgradering fr√•n SwiftStack?"
ham,"Hej Emmanuel, hoppas allt √§r bra! Jag √§r fr√•n Branch International och vill h√∂ra om du skulle vara intresserad av att prata mer om en potentiell anst√§llning med oss. L√•t mig veta om du √§r tillg√§nglig f√∂r en snabb chatt. Tack!"
ham,"Hej Ryan! Vi √§r imponerade av ditt CV och skulle vilja diskutera m√∂jligheten att anst√§lla dig p√• RapidAPI. Kan du meddela oss b√§sta s√§ttet att kontakta dig p√•? H√§lsningar, RapidAPI-teamet"
ham,"Thank you for your interest, Cindy. Could you please provide your full name?"
ham,"Tack f√∂r ditt intresse, Julio. Vi ser fram emot att prata med dig."
ham,"""Hi Nicole! We came across your resume and wanted to reach out. Are you available for a quick chat later today? - Forkable"""
ham,"Hej Yossi, bara en snabb p√•minnelse fr√•n MissionU."
ham,"Hi Liliana, we're interested in a potential collaboration. Can we connect further to discuss?"
ham,"Hej Elisa, vi √§r intresserade av att kontakta dig ang√•ende en potentiell anst√§llning. Kan du v√§nligen svara med din b√§sta kontaktinformation? Tack!"
ham,Hey Elizabeth! We're excited to have you on board. Can't wait to see what amazing things we can achieve together. Let's get this show on the road! üëä
ham,"Hej Ivy, jag √§r intresserad av att diskutera en m√∂jlig anst√§llning med dig."
ham,"Hi Kayden, we're really impressed with your experience and skills! Let's connect further. - Storm Ventures"
ham,"Hej Juliana, tack f√∂r att du l√§mnade in din ans√∂kan. Vi kommer att ta en n√§rmare titt p√• den och √•terkommer snart. H√•ll utkik i din inkorg!"
ham,Hi Liana! We're impressed by your work. Can we connect for a chat?
ham,"Hej Katerina, jag ser fram emot att g√• vidare med v√•r anst√§llningsprocess. Har du tid f√∂r att tr√§ffas och prata mer? Mvh, Miles."
ham,"Dear Dulce, we appreciate your interest in joining our team. Could you please share your resume and a little more about yourself? Looking forward to learning more about your potential contribution."
ham,"Hej Carla, jag hoppas att du har en fantastisk dag! Vi √§r intresserade av att prata mer med dig ang√•ende en potentiell anst√§llning. Kan du sn√§lla ge oss en tid som passar f√∂r dig att prata? Tack!"
ham,"Tack f√∂r ditt intresse, MOHAMMAD."
ham,Hi Jorge! We'd love to chat. Can you share your availability for a quick call? - BuildingConnected
ham,"Tack f√∂r ditt intresse, Adeline. Vi ser fram emot att l√§ra k√§nna dig b√§ttre."
ham,"Tack f√∂r att du √§r intresserad av att bli en del av v√•rt team, DEREK!"
ham,"Hello Jocelyn, 

We would like to explore a potential employment opportunity with you at HeartFlow. Please let us know if you are available to discuss further. 

Best regards, 
HeartFlow HR Team"
ham,Tack f√∂r att du √§r intresserad av Battery Ventures. Kan vi boka ett samtal f√∂r att diskutera dina m√∂jligheter?
ham,"Hi Kylee, we are impressed with your profile and would like to discuss a potential opportunity with Mattermark. Can we schedule a call?"
ham,"Hello Alfredo, we're excited to connect with you. Can we chat further about an employment opportunity with RingCentral?"
ham,"Hej PARKER, vi √§r imponerade av ditt arbete och skulle vilja anst√§lla dig. Kan vi prata mer?"
ham,"Tack f√∂r ditt intresse, Gabriel! Vi skulle vilja diskutera forts√§ttningen. V√§nligen svara p√• detta meddelande med din tillg√§nglighet f√∂r en intervju."
ham,"Hej Bryan, vi √§r intresserade av att prata med dig ang√•ende en m√∂jlig anst√§llning p√• Modern Health. Kan du ge oss ditt telefonnummer s√• vi kan anordna ett samtal?
Tack, Modern Health"
ham,"Tack f√∂r ditt intresse, Alexandra!"
ham,"Hej Mohammed, vi √§r intresserade av din ans√∂kan. Kan du skicka √∂ver ditt CV och personliga brev? 

Med v√§nliga h√§lsningar,
Riot Games"
ham,"Tack f√∂r ditt intresse f√∂r oss p√• Lucasfilm Ltd, Harper! 
Jag undrar om du kan ge mig din senaste CV s√• att jag kan l√§sa igenom den? Tack!"
ham,"Hej Emma, tack f√∂r att du intresserar dig f√∂r v√•r organisation. Vi ser fram emot att l√§ra k√§nna dig b√§ttre."
ham,"Hi Lara, we're impressed with your portfolio and would love to discuss potential opportunities at Snappr. Could you please provide your contact information so we can connect further?"
ham,"Hej Matthew, 

Tack f√∂r att du kontaktade oss. Vi ser fram emot att f√• veta mer om dig och dina f√§rdigheter. 

V√§nliga h√§lsningar,

Lime"
ham,"Hej Nicolas, 
Vi √§r intresserade av att diskutera en potentiell m√∂jlighet med dig p√• TriplePoint Capital. Kan du v√§nligen ge oss ditt telefonnummer s√• att vi kan kontakta dig f√∂r att planera ett samtal?
Tack!"
ham,"Trevligt att tr√§ffas, Henry! Jag har ett intressant f√∂rslag att diskutera med dig."
ham,"Thank you for your interest, Mia! 

We appreciate your application, Mia! 

We look forward to speaking with you, Mia! 

Welcome to HackerOne, Mia! 

Hi there, Mia! 

Thanks for reaching out, Mia! 

Hello, Mia! 

Great to have you here, Mia! 

Nice to meet you, Mia! 

Greetings, Mia!"
ham,"Tack f√∂r ditt intresse, Tzivia!"
ham,"Hej Mackenzie, vi √§r eBay och skulle vilja snacka med dig."
ham,"Thank you for your interest, Eileen. Please provide your resume for review."
ham,"Hello Edgar, we are impressed by your skills."
ham,"Hi Liam, I hope this message finds you well! I am reaching out regarding a potential opportunity at Dover."
ham,"Thank you for reaching out, Aaliyah."
ham,"Hello Dylan, 

I hope this message finds you well. I wanted to follow up on your recent application and express our interest in potentially working together. Could you please let us know your availability for a short phone interview? Thank you and looking forward to connecting soon. 

Best regards, 
Quip"
ham,"Hi Hector, 
How are you? 
-Vero"
ham,"Hej Jocelyn! Vi √§r imponerade av din erfarenhet och skulle vilja h√∂ra mer om dina kvalifikationer. Skulle du vara intresserad av att diskutera ett potentiellt samarbete? Mvh, Iris Automation."
ham,Hej Derek! Tack f√∂r ditt intresse f√∂r att arbeta med oss p√• Goodby Silverstein & Partners. Vi uppskattar din ans√∂kan och ser fram emot att l√§ra k√§nna dig mer.
ham,"Hej Tristan, jag hoppas att du har det bra! Jag skriver f√∂r att h√∂ra om du √§r intresserad av en potentiell anst√§llning hos oss p√• Nylas. Skulle du vara tillg√§nglig f√∂r att prata vidare? Tack!"
ham,"Hello Mikayla, 
We are impressed with your qualifications and would like to schedule an interview. Can you please provide your availability for next week?"
ham,Tack f√∂r att du √§r intresserad av att bli en del av CONNOR!
ham,Hey Jesse! We've got an exciting opportunity for you at Makena Capital Management. Curious to hear more? Drop us a line!
ham,Vi √§r imponerade av ditt arbete och skulle g√§rna vilja diskutera en m√∂jlig anst√§llning. Kan vi reda upp detaljerna vid tillf√§lle?
ham,"Hej Giovanna, vi vill bara p√•minna om v√•rt m√∂te imorgon."
ham,"Tack f√∂r ditt intresse, Kareem."
ham,Hej Tamia! Vi √§r imponerade av ditt CV och undrar om du skulle vara intresserad av att ta en kopp kaffe f√∂r att diskutera potentiella jobbm√∂jligheter hos Barracuda?
ham,Hej Nina! Bara en liten p√•minnelse om att vi fortfarande √§r intresserade av att prata med dig ang√•ende m√∂jligheterna att bli en del av v√•rt team p√• Sephora. Ser fram emot att h√∂ra fr√•n dig snart!
ham,"Hi Eddie, we are interested in hiring you! Can you please provide your contact information?"
ham,"Tack f√∂r ditt intresse, Yaakov! Kommer snart med ett sp√§nnande f√∂rslag."
ham,"Tack f√∂r att du visar intresse, Tiffany! Vi uppskattar din portfolio och vill g√§rna diskutera m√∂jligheter."
ham,"Thank you for your interest, Molly. Could you please share your resume with us?"
ham,Hi Daniella! Can you please provide your contact details so we can get in touch?
ham,"Hej IZAIAH, jag √§r imponerad av ditt CV och skulle vilja boka in en intervju!"
ham,Thank you for your interest! Could you kindly share your updated contact details for us to get in touch?
ham,Looking forward to our meeting tomorrow!
ham,Hej Anthony! Vi √§r imponerade av ditt CV och skulle g√§rna vilja ha dig med i v√•rt team p√• Stitch Fix. Kan du ber√§tta mer om dina tankar och id√©er f√∂r en sp√§nnande utveckling hos oss? Tack!
ham,"Hey Ariel, thanks for your application! We're excited to learn more about you. Let's schedule a quick call to chat further. Can you let us know when you're available?"
ham,"Hi Sarah, we have received your application and would like to schedule an interview."
ham,Tack f√∂r ditt intresse!
ham,"Hello Kylie, we are delighted to connect with you."
ham,"Tack f√∂r ditt intresse, Hershy!"
ham,"Hi Zuri, we have reviewed your application and are impressed with your qualifications. Can we discuss the position further?"
ham,Hi Max! We noticed your impressive resume. Could you forward us your availability for a quick chat?
ham,"Tack f√∂r ditt intresse, Jordyn. Kan du v√§nligen f√∂rklara lite mer om din erfarenhet?"
ham,"Hello Massimo, thank you for your application."
ham,"Hej Noah, tack f√∂r att du har visat intresse f√∂r Sentry! Vi vill bara p√•minna dig om att vi √§nnu inte har f√•tt ditt CV. Skulle du kunna skicka det till oss s√• snart som m√∂jligt? Tack p√• f√∂rhand!"
ham,"Hej Malak, vi √§r intresserade av att prata med dig om en sp√§nnande m√∂jlighet. Kan du kontakta oss?"
ham,"Looking forward to connecting, Marco!"
ham,Hej Yaretzi! Vi √§r imponerade av ditt CV och skulle vilja erbjuda dig en tj√§nst hos AspireIQ.
ham,"Hej Anika, vi ville bara p√•minna dig om att din anst√§llningsintervju √§r imorgon kl. 10. Ser fram emot att tr√§ffa dig! V√§nliga h√§lsningar, inDinero."
ham,"""Hej Daisy, jag hoppas att allt √§r bra! Jag √§r intresserad av att diskutera m√∂jligheten till en anst√§llning p√• v√•rt f√∂retag. V√§nligen l√•t mig veta n√§r du √§r tillg√§nglig f√∂r att prata. Tack!"""
ham,Tack f√∂r ditt intresse! Vi skulle vilja diskutera n√§sta steg.
ham,Hi Britney! We're thrilled to connect with you. Let's rock and roll with your potential job opportunity. Cheers! üé∏
ham,"Thank you for your application, Skylar. We would like to learn more about your qualifications and set up an interview. Please provide your availability for the next week."
ham,"Hej Kai! Tack f√∂r att du visat intresse f√∂r v√•r organisation. Vi skulle vilja h√∂ra mer om din erfarenhet och hur du skulle kunna passa in hos oss. V√§nliga h√§lsningar, Radius."
ham,"Thank you for your interest in joining Pinterest, Ashton!"
ham,"Looking forward to connecting, Zoe!"
ham,"Hello Francisco, we are impressed by your skills and would like to discuss a potential job opportunity at Redbubble. Can we schedule a call to further discuss your qualifications and our expectations?"
ham,Hey Cecilia! We heard great things about you and would love to chat about exciting opportunities at BlueCrew. Can you kindly share your availability for a quick call? Thanks!
ham,"Hej Alondra, vi √§r fr√•n Insight Global och skulle vilja h√∂ra mer om dina f√§rdigheter och erfarenheter. Kan du dela med dig av din CV? Tack."
ham,Intresserad att jobba hos oss?
ham,"Hej Axel, vi vill g√§rna f√∂rtydliga ditt anst√§llningstillf√§lle."
ham,"Tack f√∂r ditt intresse, Giovanny! Vi uppskattar din ans√∂kan."
ham,"Tack f√∂r ditt intresse, Giovanna. 
Tack f√∂r ditt intresse, Giovanna. 
Tack f√∂r ditt intresse, Giovanna."
ham,Hi Christian! Impressed by your qualifications. We'd love to chat further. Can you send us your availability? - Team at Harmonic
ham,We are interested in your r√©sum√©. Could you please provide contact information for us to reach you?
ham,"Dear Crystal, we would like to invite you for an interview."
ham,"Tack f√∂r ditt intresse, Samuel!"
ham,"Thank you for your interest, Eleanor. Could you please provide your full name?"
ham,"Tack f√∂r att du har visat intresse, Amelie!"
ham,"Hi Kira, we're interested in your skills and would love to chat further. Can you please provide your contact information? Thanks!"
ham,"Tack f√∂r ditt intresse, Leslie. Vi p√• Microsoft √§r angel√§gna om att diskutera dina framtida m√∂jligheter med oss. V√§nligen fyll i det bifogade formul√§ret, s√• kan vi ta det vidare d√§rifr√•n."
ham,Hej Thomas!
ham,"Tack f√∂r ditt intresse, Efraim! 
Vi ser fram emot att l√§sa din ans√∂kan. 
Vi kommer att kontakta dig snart. 
Ha en fantastisk dag!"
ham,"Tack f√∂r ditt intresse, RACHEL!"
ham,"Hello Jeffrey, we'd love to connect with you further."
ham,"Tack f√∂r din ans√∂kan, Lyric! Vi kommer att kontakta dig snart."
ham,"Hi Israel, we're impressed by your credentials. Can we chat more?"
ham,Greetings Faith! SAP is interested in considering you for a potential professional opportunity.
ham,"Hi Jackson, 

We came across your profile and were impressed by your skills and experience! Would you be interested in discussing potential job opportunities at SoloLearn? Let us know!"
ham,"Hi Richard, we're impressed with your credentials. Could you provide your availability for a phone interview? - Resilio"
ham,"Hey Isaac, we're impressed by your skills! Join our team? üåü"
ham,"Thank you for your interest in our company, Yechiel."
ham,"Hi Amber, thanks for your interest! Can you please tell us a little bit about your availability and any specific skills you have? We'd love to learn more about you."
ham,Hej Aisha! √Ñr du intresserad av ett m√∂jligt samarbete?
ham,"Dear Jayleen, 

Thank you for your interest in joining our team at Amazon! We have received your application and will be reviewing it soon."
ham,"Hi Anton, we were impressed by your portfolio. Can we connect for an interview?"
ham,"Dear Jackson, 

Thank you for expressing interest in joining our team. Can you please provide your resume? 

Best regards, 
Ejento"
ham,Hey Eva! Just wanted to drop you a line and say we're impressed with your resume. Can we set up a time to chat further about the position? Thanks!
ham,Hey Micah! We came across your impressive resume and think you could be a great fit for our team. Would you be interested in chatting more about potential opportunities at Civil Maps?
ham,"Hej Kayden, vi √§r intresserade av att diskutera en m√∂jlig anst√§llning. Kan vi f√• ditt CV?"
ham,"Hej Kaliyah, vi p√• DataFox √§r intresserade av att kontakta dig. Kan vi f√• ditt telefonnummer f√∂r att boka en tid f√∂r att prata mer? Tack!"
ham,"V√§lkommen till SentinelOne, Landon! Vi √§r glada √∂ver att m√∂jligen ha hittat den perfekta matchen f√∂r dig."
ham,Vi skulle vilja bjuda in dig till xMatters.
ham,"Hej Khloe, Jag heter Nuna och jag s√•g ditt CV och blev imponerad. Kan vi prata mer om din ans√∂kan? Tack!"
ham,"Tack f√∂r ditt intresse, Connor! Hur kan vi n√• dig?"
ham,"Tack f√∂r ditt intresse, Hassan!"
ham,Hi Sonia! Can we connect soon? - Stitch Fix
ham,"Tack f√∂r ditt intresse, Julianna. Vi skulle vilja diskutera en m√∂jlig aff√§r. Kan vi boka ett m√∂te?"
ham,"Hi Parker, we're impressed by your qualifications!"
ham,"Tack f√∂r ditt intresse, Cameron."
ham,"Hi Savion, we're impressed with your skills and experience. Let's chat more about possible opportunities."
ham,"Tack f√∂r att du visar intresse f√∂r Storm Ventures, Elina."
ham,"Hello Camilla, we received your CV and would like to schedule an interview. Could you please provide your availability? Thank you."
ham,"Thank you for applying, Ashley. Could you provide your availability for an interview?"
ham,Hi Tony!
ham,"Thank you for your application, Fiona. Can you provide more information about your previous work experience?"
ham,"Hi JALIYAH, are you available for a quick chat about a potential opportunity?"
ham,Hej Emmanuel!
ham,"Hej David, vi √§r intresserade av att kontakta dig ang√•ende en potentiell m√∂jlighet."
ham,"Hej Melissa! Vi blev imponerade av din profil och skulle g√§rna vilja ha dig med i v√•rt team. Kan vi prata mer om m√∂jligheterna? H√§lsningar, Tenable"
ham,"Hej Oscar, vi har √§nnu inte f√•tt ditt svar p√• v√•r tidigare kommunikation. Kan du v√§nligen ge oss en uppdatering? Tack s√• mycket."
ham,Thank you for submitting your application. We would like to inquire about your previous work experience and relevant skills. Could you please provide more information?
ham,"Tack f√∂r ditt intresse, Arya. Finns det n√•got specifikt du skulle vilja veta om Shippo?"
ham,"Tack f√∂r ditt intresse, Austin. Vi skulle vilja veta mer om din erfarenhet och vad du kan bidra med till v√•rt team. V√§nligen skicka din CV och ber√§tta mer om dig sj√§lv."
ham,"Tack f√∂r att du delade ditt CV med oss, Eliana. Vi √§r intresserade av att l√§ra oss mer om dina kunskaper och erfarenheter."
ham,"Tack f√∂r ditt intresse, Shraga. Vi skulle vilja diskutera m√∂jligheterna n√§rmare."
ham,"Hi Johan, thank you for your interest in joining our team! Could you please provide us with your resume and a brief introduction of yourself? Looking forward to connecting further."
ham,Hey Tyler! Just a friendly nudge to complete your contact form. We're excited to connect with you! üè°ü§©
ham,"Hello Elisa, thank you for reaching out. We are excited to connect with you regarding a potential opportunity."
ham,Hej Sarah! Tack f√∂r ditt intresse f√∂r v√•rt f√∂retag. Vi skulle vilja boka in en tid f√∂r en intervju. V√§nligen svara med dina tillg√§ngliga dagar och tider. Tack!
ham,"Tack f√∂r ditt intresse, Harry! Vi ser fram emot att prata mer med dig."
ham,"Tack f√∂r ditt intresse, JAYLA!"
ham,"Hej Ariel, vi √§r intresserade av ditt CV. Kan vi planera en intervju?"
ham,"Hej Aidan, skulle du vilja ansluta dig till v√•rt team p√• Planet?"
ham,Hej Adonis! Vi √§r glada √∂ver ditt intresse f√∂r AspireIQ och skulle vilja ha en f√∂rtydligande ang√•ende din ans√∂kan. Kan du sn√§lla dela med dig av din arbetslivserfarenhet?
ham,"Hello Giovanni, great news!"
ham,"Tack f√∂r ditt intresse, Roger! Hur kan vi kontakta dig?"
ham,"Tack f√∂r ditt intresse, Gianna!"
ham,Hi Josephine! We're impressed by your skills and would like to discuss potential opportunities at Cloudbees. Please let us know when you're available for a chat.
ham,Hej Anderson! Tack f√∂r att du visade intresse f√∂r TuneIn. Vi ser fram emot att l√§ra k√§nna dig mer.
ham,Hello Kamila! We appreciate your interest in our company. Could you please provide us with your updated resume?
ham,"Hi GENEVIEVE, we're impressed with your skills. Let's chat more about your experience. Can you provide your contact details? - Bugsnag"
ham,"""Join Team Even.com and bring your exceptional skills to our company!"""
ham,"Tack f√∂r ditt intresse, Zayan! Kan vi boka en tid f√∂r en telefonsamtal?"
ham,"Hi Alice, just reaching out to touch base and keep you in the loop."
ham,"Tack f√∂r att du visar intresse f√∂r Qadium, Owen. Vi uppskattar din ans√∂kan och √•terkommer inom kort."
ham,"Tack f√∂r ditt intresse, Jacky!"
ham,"""Hi Audrey, impressed with your resume. Please provide best contact number for further discussion."""
ham,"Hi Rafael, I've received your application and would love to connect further. Can you provide me with your email address? Thanks! Haven"
ham,"Dear Eric, thank you for expressing interest in joining our team at Postmates. We appreciate your application and will be in touch shortly to discuss next steps."
ham,Hey Timothy! Just wanted to reach out and say how impressed we are with your skills. Your portfolio is seriously impressive. Let's chat about joining the Logitech team!
ham,"""Hej Savannah, vi √§r intresserade av att diskutera en m√∂jlig anst√§llning med dig. Kan du v√§nligen ge oss mer information om ditt erfarenhetsomr√•de? Tack!"""
ham,"Hi Zachary, we're impressed by your background and would like to chat further. Can you please share your availability for a call?"
ham,"Hej Enzo, kan du v√§nligen ge oss mer information om din arbetslivserfarenhet?"
ham,"Thank you for your interest in Equinix, Kevin. Can you please provide your resume and contact information?"
ham,"Hej Paige, hur √§r det med dig? Jag hoppas att du har en bra dag! Jag ville bara p√•minna dig om att vi p√• Productboard fortfarande √§r v√§ldigt intresserade av att h√∂ra mer om dig och din passion f√∂r utveckling. Vi ser fram emot att h√∂ra fr√•n dig snart. Ha en fantastisk dag!"
ham,"Tack f√∂r ditt intresse, Mohammed!"
ham,"Thank you for your interest, Jalen."
ham,Hi Kiara! Just wanted to reach out and say that your portfolio caught our eye. Can we connect for a chat? - Zume Pizza
ham,"Hi Jeremy, thank you for your interest in joining our team at Hingeto! Could you please provide your resume and any other relevant documents for our review?"
ham,"Thank you for your interest, Victor. We will review your application."
ham,Hi Julian! We received your application and would like to discuss your qualifications further. Can you please provide us with your availability for a phone interview?
ham,"Hi Michelle, thank you for applying. Could you please provide us with your full name and email address?"
ham,"Trevligt att tr√§ffa dig, Anna! Vi √§r intresserade av ditt arbete och skulle vilja veta om du √§r intresserad av att samarbeta med oss p√• Apttus. Skicka g√§rna din CV och tidigare erfarenheter till oss s√• kan vi diskutera n√§sta steg. Ser fram emot att h√∂ra fr√•n dig!"
ham,"Hi Jordan, we have exciting opportunities at Bugcrowd. Could you kindly provide us with your contact information for further communication?"
ham,"Tack f√∂r ditt intresse, NAFTALI. V√§nligen svara med din telefonnummer eller e-postadress s√• att vi kan forts√§tta samtalet."
ham,"""Hey Zoey, your application stood out from the crowd! We love your skills and quirky sense of humor. Let's chat and see if MoogSoft is the perfect match for you!"""
ham,Hi Marco! We came across your impressive resume and would love to learn more about your qualifications. Would you be available for a quick chat to discuss potential opportunities at our company?
ham,"Tack f√∂r ditt intresse, Katelyn!"
ham,"Tack f√∂r ditt intresse, Alberto. Vi ser fram emot att tr√§ffa dig!"
ham,"Hello Romeo, thank you for reaching out to Blackhawk Network. How can we assist you today?"
ham,"Hej Juniper, Jag skulle vilja diskutera ett professionellt tillf√§lle med dig. V√§nligen kontakta mig s√• snart som m√∂jligt. H√§lsningar, Gorgias."
ham,"Thank you for your interest, Olivia."
ham,"Hej Laila, jag √§r Okta. Hur m√•r du?"
ham,"Thank you for your impressive resume, Berish."
ham,"Hej Alan, jag beh√∂ver uppdatera dig om en viktig sak fr√•n OpenDNS."
ham,"Hej Dean, tack f√∂r att du visade intresse f√∂r v√•rt f√∂retag! Vi skulle g√§rna vilja l√§ra k√§nna dig och diskutera hur vi kan samarbeta. V√§nliga h√§lsningar, Onesignal"
ham,Hi Journey! Just wanted to check in and see if you received our previous message. Looking forward to hearing from you soon!
ham,"Hej Amir, vi √§r verkligen imponerade av din ans√∂kan!"
ham,"Hej Simone, Vi p√• Terminus Software skulle vilja bjuda in dig till en supportande roll hos oss."
ham,"Hej LIANA, jag √§r fr√•n EMC Data Domain och vill diskutera ett sp√§nnande jobbm√∂jlighet med dig. Kan vi prata?"
ham,"Tack f√∂r att du visar intresse f√∂r v√•r organisation, Laila!"
ham,"Tack f√∂r din ans√∂kan, George! Vi p√• Grand Rounds Inc. skulle vara glada att ha dig som en del av v√•rt team."
ham,"Hi Journee, 

Thank you for your interest in joining CircleCI! Could you please clarify your availability and preferred start date? 

Best regards, 
CircleCI"
ham,Hej Kacper! Jag s√•g din ans√∂kan och skulle vilja prata mer med dig. Kan du ge mig ditt telefonnummer s√• att vi kan hitta en tid f√∂r att prata? Tack!
ham,"Hi Miles, we are impressed by your qualifications. Could you please provide your contact details?"
ham,"Thank you for your interest, Nina."
ham,Hey Jenny! We got your application and it made us smile. Can't wait to chat with you soon!
ham,"Hi Nelson, hope you're doing well!"
ham,"Hej Josue, vi √§r intresserade av att l√§ra k√§nna dig b√§ttre."
ham,"Hej Sean! Vi √§r imponerade av ditt arbete och skulle vilja bjuda in dig till en intervju p√• CallidusCloud. V√§nligen svara med din tillg√§nglighet. Mvh, Team CallidusCloud."
ham,"Hej Travis, vi p√• Airware √§r imponerade av ditt CV och vill bjuda in dig till en m√∂jlig anst√§llningsintervju."
ham,"Just wanted to reach out and say we're impressed with your qualifications. Are you available for a call next week to discuss details?
"
ham,"""Hi Daniel, I'd love to chat about an exciting opportunity I think you'd be perfect for. Can we connect soon? - Moonlight"""
ham,"Dear Anaya, We would like to extend an opportunity for you to join our team. Your skills and experience align perfectly with our needs. Could we arrange a phone call to discuss further?"
ham,"Hey Jazmin, just wanted to check in and see if you had any questions about the job posting. Let me know!
"
ham,"Hello Savannah, we are interested in discussing employment opportunities with you. Could you please provide us with your availability for a phone call?"
ham,Hi Valerie! We've got a feeling you'd rock our coding world. Wanna chat?
ham,"Hi Mae, we're excited to connect with you! Could you please provide your contact details so we can reach out to you? "
ham,"Tack f√∂r ditt intresse, Anna. Vi ser fram emot att l√§ra k√§nna dig vidare."
ham,"Tack f√∂r ditt intresse, Aubree!"
ham,"Hey Selina, I came across your impressive resume and would love to chat about a potential opportunity at our company. Let's connect! - Philo"
ham,"Vi ses imorgon kl. 10 p√• kontoret. H√§lsningar, Lever."
ham,"Thank you for your interest in Databricks, Noel! Can you please share your resume with us?"
ham,"Hej Kaitlyn, tack f√∂r att du visade intresse f√∂r v√•rt f√∂retag. Vi skulle vilja l√§ra k√§nna dig b√§ttre. Kan du fylla i f√∂ljande kontaktformul√§r? Tack p√• f√∂rhand!"
ham,"Hej Catherine, tack f√∂r att du visar intresse f√∂r tj√§nsten!"
ham,"Tack f√∂r ditt intresse, Yakov!"
ham,"Thank you for your interest, Shawn."
ham,"Tack f√∂r ditt intresse, Olivia!"
ham,"Tack f√∂r ditt intresse, Christopher! Kan du skicka ditt CV?"
ham,"Hej Boubacar, vi √§r intresserade av att anst√§lla dig. Kan du komma p√• en intervju?"
ham,"Hi Makayla, thank you for your interest in MissionU. We are excited to connect and learn more about your potential fit with our team. Could you please provide us with your resume and availability for an initial phone interview? Looking forward to hearing from you soon."
ham,Confirmed. Expect a call and further details soon.
ham,"Tack f√∂r ditt intresse, Hafsa!"
ham,"Hello Suri, 

Thank you for your interest in joining Genomic Health. Could you please provide your full name and contact information, so that we may reach out to you with further details? 

Best regards, 
Genomic Health"
ham,"Thank you for your application, Elisa! 
Could you please provide your phone number?"
ham,"Hej NANA, vi √§r intresserade av att intervjua dig."
ham,"Thank you for your interest, Bryan. We'd like to learn more about your experience and discuss potential opportunities further. Could you provide us with a good time to connect?"
ham,"Looking forward to connecting, Anderson!"
ham,"Thank you for your application, Arthur. Could you please provide your full name?"
ham,"Tack f√∂r ditt intresse, Amiyah!"
ham,"Tack f√∂r ditt intresse, Melissa. Vi kommer att kontakta dig inom kort."
ham,Hej Benjamin! Tack f√∂r ditt intresse f√∂r Launch Darkly. Vi √§r imponerade av din profil och skulle vilja boka in en intervju. Kan du v√§nligen ange dina tillg√§ngliga tidpunkter f√∂r en telefonintervju? Vi ser fram emot att h√∂ra fr√•n dig.
ham,"Hello Sophia, thank you for expressing interest in joining our team at Nerd Wallet. Could you please provide your resume and contact information?"
ham,Hej Megan! Vi p√• Panoply √§r imponerade av ditt CV och skulle vilja diskutera en potentiell anst√§llning. V√§nligen bekr√§fta din tillg√§nglighet. 
ham,"Hej Zachary, vi p√• AltSchool √§r imponerade av ditt arbete och undrar om du √§r intresserad av att ansluta till v√•rt team. V√§nligen √•terkoppla snarast. Tack!"
ham,Tack f√∂r ditt intresse!
ham,"Hej Peter, vi √§r imponerade av din profil och skulle vilja diskutera en potentiell anst√§llning p√• Starcity. Kan vi f√• komma i kontakt med dig? Tack!"
ham,"Tack f√∂r ditt intresse, Dominic!"
ham,"Hi Jimmy, 

Just wanted to touch base and let you know that we received your application and have reviewed it. We‚Äôre impressed with your qualifications and would like to schedule an interview with you. Are you available for a phone call next week? Let me know your availability. 

Best regards, 
Mattermark"
ham,"Hi Maya, we're interested in hiring you. Could you please provide your email address and phone number?"
ham,"Hej Esther, vi √§r imponerade av ditt CV. Kan vi boka ett m√∂te?"
ham,"Hej Georgia, vi √§r imponerade av din erfarenhet och skulle vilja erbjuda dig en sp√§nnande anst√§llning p√• MixMax. V√§nligen kontakta oss f√∂r mer information. Tack!"
ham,Thank you for your interest in our company. We would like to discuss a potential employment opportunity with you.
ham,"Hej Olivia, vi p√• Splunk √§r imponerade av din profil och skulle vilja erbjuda dig en m√∂jlighet att g√• med i v√•rt team. Kan vi tr√§ffas f√∂r att diskutera vidare?"
ham,"Hi Josiah, we received your application and we're intrigued! Let's chat further about your experience."
ham,"Hey Luis, interested in discussing a potential opportunity with Rigetti?"
ham,"Tack f√∂r ditt intresse, Audrey. Hur kan jag n√• dig?"
ham,"Hej Brielle, vi p√• Numerator √§r imponerade av din profil och skulle vilja diskutera en m√∂jlig anst√§llning. Kan du kontakta oss f√∂r att boka in ett samtal? Tack!"
ham,"Hello, Florence. Thank you for your interest in our company. We would be happy to provide more information about the role and answer any questions you may have."
ham,"Thank you for your interest in our company, Maximus!"
ham,"Hello Mila, we are impressed with your qualifications. Can we discuss further?"
ham,"Hi Jasmine, just wanted to remind you of our upcoming meeting. Looking forward to connecting."
ham,Hi Khloe! We have exciting opportunities at McKesson and would love to connect with you. Can you provide us with the best way to reach you?
ham,"Thank you for your application, Bryan."
ham,"Hej Diana, vi skulle vilja kontakta dig ang√•ende en viktig fr√•ga. Kan vi diskutera detta?"
ham,Hey Addison! Just wanted to drop a line and say how impressed we are with your qualifications. We'd love to chat more about joining Team DataFox. Can you swing by for an interview? Cheers!
ham,"Hej Jonas, Tack f√∂r ditt intresse f√∂r Yext! Vi skulle vilja diskutera m√∂jligheten till en anst√§llning. Kan du ber√§tta mer om din erfarenhet och dina karri√§rm√•l?"
ham,"Thank you for your interest, Layla."
ham,Hej Charlie! Vi p√• Massdrop √§r imponerade av ditt arbete och skulle vilja diskutera en potentiell m√∂jlighet med dig. V√§nligen √•terkom med din tillg√§nglighet f√∂r en kort telefonsamtal. Tack! - Massdrop-teamet.
ham,Hej Dalia! Vi √§r imponerade av din prestation under intervjun.
ham,"Tack f√∂r ditt intresse, Nana. L√•t oss diskutera mer."
ham,Hej Serena! Vi √§r imponerade av din talang och skulle √§lska att ha dig som en del av Skillz-teamet.
ham,"Tack f√∂r att du visade intresse, Micah! Vi skulle vilja prata mer."
ham,"Hej Riley, vi √§r intresserade av din kompetens och undrar om du skulle vara intresserad av att arbeta hos oss p√• Proto.io?"
ham,Till Audrey: Ber om klarhet ang√•ende allvarliga utvecklingsfr√•gor fr√•n Gracenote.
ham,"Hej Omari, 

Tack f√∂r ditt intresse f√∂r att arbeta hos Boxbot. Vi skulle vilja prata vidare om din ans√∂kan och boka in en telefonsamtal. Kan du v√§nligen ge oss ditt telefonnummer och en l√§mplig tidpunkt f√∂r samtalet? 

Tack och ha en trevlig dag!"
ham,"Hej Lesly, jag √§r Blurb och jag undrar om du √§r intresserad av att arbeta hos oss?"
ham,Impressive background.
ham,"Trevligt att tr√§ffa dig, Kaylee!"
ham,"Hello Jaylin, 
We would love to connect with you regarding an exciting opportunity. Please provide us with your preferred contact information so that we can discuss further. Thank you!"
ham,"Hello Meira, we are interested in your profile. Can we schedule a call to discuss further?"
ham,Hej Armando! Tack f√∂r att du skickade in din ans√∂kan. Vi √§r intresserade av att l√§ra oss mer om dig och dina kvalifikationer. Kan du ber√§tta lite mer om din erfarenhet?
ham,"Tack f√∂r att du visar intresse, Kaylin! Vi ser fram emot att prata mer med dig."
ham,"Hej Yadiel, tack f√∂r ditt intresse! Vi vill g√§rna veta mer om din erfarenhet och vad du letar efter i en ny arbetsplats. Vore du sn√§ll och ber√§tta lite om dig sj√§lv? "
ham,"Hej LIA, √§r du intresserad av att jobba f√∂r Salesforce?"
ham,"Thank you for your application, Ariana. We appreciate your interest in our company and will review your qualifications."
ham,Hey Caiden! We're impressed by your skills and would love to chat about a potential role at Stitch Labs. Are you free for a video call sometime this week?
ham,"Hej Jeremy, vi √∂nskar p√•minna dig om att vi fortfarande v√§ntar p√• dina svar. V√§nligen √•terkom till oss s√• snart som m√∂jligt. Tack."
ham,"Thank you for your interest, Gavin."
ham,"Hej Chloe, jag blev imponerad av ditt CV och skulle vilja diskutera m√∂jligheten att arbeta tillsammans. Kan vi boka in en tid f√∂r en telefonintervju?"
ham,"Hej Elliott, vi √§r intresserade av ditt CV och undrar om du √§r tillg√§nglig f√∂r en intervju?"
ham,Jobbans√∂kan mottagen. Vi beh√∂ver mer information f√∂r att forts√§tta.
ham,Thank you for your interest.
ham,"Hi Juliette! We received your application and wanted to reach out to learn more about your experience. Can you tell us a bit about your previous work in the legal field? Thanks, Everlaw."
ham,"Thank you for your interest, Valentino."
ham,"Tack f√∂r att du visar intresse f√∂r v√•r organisation, Janelle!
Trevligt att du √§r intresserad av att arbeta med oss, Janelle!
Vad roligt att h√∂ra fr√•n dig, Janelle!
Vi uppskattar att du kontaktade oss, Janelle!
Tack f√∂r ditt meddelande, Janelle!"
ham,"Hello Felix, I'm reaching out to discuss a potential opportunity."
ham,"Tack f√∂r ditt intresse, Ayaan! Kan vi f√• ditt CV?"
ham,"Tack f√∂r ditt intresse, Shmuel!"
ham,"Tack f√∂r ditt intresse, Vivian. Vi √§r imponerade av din ans√∂kan och skulle g√§rna vilja tr√§ffa dig f√∂r en intervju."
